{
  "name": "nimble",
  "scopeName": "source.nimble",
  "fileTypes": ["nimble"],
  "foldingStartMarker": "",
  "foldingStopMarker": "",
  "patterns": [
    { "include": "#comments" },
    { "include": "#strings" },
    { "include": "#category" },
    { "include": "#keywords" },
    { "include": "#text" }
  ],
  "repository": {
    "category": {
      "patterns": [
        {
          "name": "keyword.control.nimble",
          "match": "^\\[\\w+\\]$"
        }
      ]
    },
    "comments": {
      "patterns": [
        {
          "name": "comment.line.nimble",
          "match": "#.*$"
        }
      ]
    },
    "keywords": {
      "patterns": [
        {
          "name": "entity.name.section.nimble",
          "match": "author|name|version|description|license"
        },
        {
          "name": "variable.nimble",
          "match": "SkipDirs|SkipFiles|SkipExt|InstallDirs|InstallFiles|InstallExt|srcDir|binDir|bin|backend|requires"
        },
        {
          "name": "meta.selector.nimble",
          "match": "\\:"
        }
      ]
    },
    "strings": {
      "patterns": [
        {
          "name": "string.quoted.double.nimble",
          "begin": "(?=[^\\\\])(\")",
          "end": "(\")",
          "beginCaptures": {
            "1": {
              "name": "punctuation.definition.string.begin.nimble"
            }
          },
          "endCaptures": {
            "1": {
              "name": "punctuation.definition.string.end.nimble"
            }
          },
          "patterns": [
            {
              "name": "punctuation.separator.string.ignore-eol.nimble",
              "match": "\\\\$[ \\t]*"
            },
            {
              "name": "constant.character.string.escape.nimble",
              "match": "\\\\([\\\\''ntbr]|u[a-fA-F0-9]{4}|u[a-fA-F0-9]{8})"
            },
            {
              "name": "invalid.illeagal.character.string.nimble",
              "match": "\\\\(?![\\\\''ntbr]|u[a-fA-F0-9]{4}|u[a-fA-F0-9]{8})."
            }
          ]
        }
      ]
    },
    "text": {
      "patterns": [
        {
          "name": "text.nimble",
          "match": "\\\\"
        }
      ]
    }
  }
}
